labels,values
aesfdrk,-0.23990493464068988
health,-0.28301152834735566
hincfel,-0.33991062045959974
edlvpdfi,-0.22867448810019578
edlvpeno,-0.2077325997319112
