labels,values
aesfdrk,-0.23990493464068988
health,-0.28301152834735566
hincfel,-0.33991062045959974
